timestamp,frame_index,base_x,base_y,base_theta,lift,arm,wrist_roll,wrist_pitch,wrist_yaw,gripper_finger_right,base_x_joint,base_y_joint,base_theta_joint,joint_lift,joint_arm_l0,joint_wrist_roll,joint_wrist_pitch,joint_wrist_yaw,stretch_gripper,gripper_width_m,commanded_gripper_width_m,image_teleop_webcam
0.14209628105163574,0,0.00016576398304651721,2.250066943258744e-06,0.15845305556677702,0.6898433505985472,0.2099986092292234,2.535670242374965,0.08897088569736719,-0.3425890426277932,9.421709999193608,0.00016576398304651721,2.250066943258744e-06,0.41143419652053215,0.618660160973521,0.2782482436280246,2.828814974689181,0.11381322591817084,-0.8111739615829738,200.0,0.012113627141820352,0.2571428571428571,images/teleop_webcam_000000.jpg
0.29892754554748535,1,0.00015080923544863933,-2.852681542028779e-07,0.16452249179304534,0.6817832902458253,0.2180577040526949,2.6154372433450184,0.08897088569736719,-0.4403803178555028,9.421709999193608,0.00015080923544863933,-2.852681542028779e-07,0.415854090897187,0.620368914723008,0.2818877260878467,2.8548844543180856,0.11346903267450444,-0.8207051583119682,200.0,0.012113627141820352,0.2571428571428571,images/teleop_webcam_000001.jpg
0.7958431243896484,2,0.00020605069082961828,8.896042981288224e-06,0.1846099095153245,0.657515027068123,0.24235112300806183,2.7044081290423856,0.08897088569736719,-0.7574030140185354,9.421709999193608,0.00020605069082961828,8.896042981288224e-06,0.41897574856282993,0.6230389166414915,0.28483434631917653,2.874959454839514,0.11622559981884689,-0.8276171609610473,200.0,0.012113627141820352,0.2571428571428571,images/teleop_webcam_000002.jpg
0.9364168643951416,3,0.0001934538891759938,6.441413782112132e-06,0.19085213774518087,0.64920332433254,0.2506185063450996,2.7044081290423856,0.08897088569736719,-0.7995874856853905,9.421709999193608,0.0001934538891759938,6.441413782112132e-06,0.4242569382822614,0.6255321588083497,0.28745743391904627,2.890939173932783,0.1174138634301749,-0.8328599337789369,200.0,0.012113627141820352,0.2571428571428571,images/teleop_webcam_000003.jpg
1.0603442192077637,4,0.00015569670618408547,-1.0652087314433345e-06,0.19512159395336773,0.6435216269180055,0.25652277466389317,2.7212819177091276,0.08897088569736719,-0.8219580388420561,9.421709999193608,0.00015569670618408547,-1.0652087314433345e-06,0.42706805078681487,0.6276768068083719,0.28946423009651195,2.9044928110510737,0.11904857730747272,-0.8372011245501455,200.0,0.012113627141820352,0.2571428571428571,images/teleop_webcam_000004.jpg
1.1942825317382812,5,0.00016828820163388748,1.407436083387427e-06,0.2007158503256706,0.6385332938803351,0.262502451248009,2.724349879284899,0.09050486648525283,-0.8289887841198653,9.421709999193608,0.00016828820163388748,1.407436083387427e-06,0.42786692573259955,0.6293833882482069,0.29082625180097343,2.9163537787475375,0.1216384457381394,-0.8412215834944639,200.0,0.012113627141820352,0.2571428571428571,images/teleop_webcam_000005.jpg
1.345226526260376,6,0.00013973797320038402,-4.554577752705416e-06,0.20633888938305353,0.6328766587065949,0.2702107877436604,2.739689687163755,0.09050486648525283,-0.8321845774279603,9.421709999193608,0.00013973797320038402,-4.554577752705416e-06,0.43071874672221666,0.6307860090761943,0.2917620232731537,2.926056502764164,0.12257003977240227,-0.844901396447197,200.0,0.012113627141820352,0.2571428571428571,images/teleop_webcam_000006.jpg
1.4833166599273682,7,0.00012262698289500435,-8.211602224289256e-06,0.2112707309205126,0.6297133522151519,0.27580261675079093,2.745825610315298,0.09050486648525283,-0.8372978467209125,9.421709999193608,0.00012262698289500435,-8.211602224289256e-06,0.43026236330839907,0.6316327576235001,0.2922770891761855,2.933777176407433,0.12308642277962957,-0.8481639829484451,200.0,0.012113627141820352,0.2571428571428571,images/teleop_webcam_000007.jpg
1.626373291015625,8,8.275636025818376e-05,-1.7025751077884288e-05,0.21772896452233925,0.6263499849294598,0.28161585614694185,2.75196153346684,0.09203884727313848,-0.8385761640441507,9.421709999193608,8.275636025818376e-05,-1.7025751077884288e-05,0.4322356587417266,0.6321330428616809,0.2924258501936636,2.9401844664317416,0.12407128668018774,-0.8515267143421286,200.0,0.012113627141820352,0.2571428571428571,images/teleop_webcam_000008.jpg
1.7685246467590332,9,0.00010664668728883799,-1.1598183616699786e-05,0.2225600199448631,0.6246533295119531,0.2852192304242215,2.7550294950426113,0.09203884727313848,-0.8430502746754837,9.421709999193608,0.00010664668728883799,-1.1598183616699786e-05,0.4303837848287665,0.6320811512145581,0.2921330585655841,2.9461106436465307,0.12539195812524973,-0.8546468363476548,200.0,0.012113627141820352,0.2571428571428571,images/teleop_webcam_000009.jpg
1.9120776653289795,10,0.0001123348583630471,-1.0300231252292902e-05,0.2305589902364424,0.6236783792029066,0.28899260036416546,2.7550294950426113,0.09203884727313848,-0.8481635439684359,9.421709999193608,0.0001123348583630471,-1.0300231252292902e-05,0.43194533957214165,0.6309450070930944,0.2910765669047901,2.954866759411239,0.12692083465391144,-0.8590301065526361,200.0,0.012113627141820352,0.2571428571428571,images/teleop_webcam_000010.jpg
2.5314388275146484,11,5.57859938657276e-05,-2.4624431136900486e-05,0.2532383544000787,0.6298649642008884,0.2914814394333719,2.7550294950426113,0.09203884727313848,-0.8539159719230071,9.421709999193608,5.57859938657276e-05,-2.4624431136900486e-05,0.43433868384664615,0.6241174505486008,0.28655926528763104,2.9686630630352244,0.13248424567207728,-0.864989217623263,200.0,0.012113627141820352,0.2571428571428571,images/teleop_webcam_000011.jpg
2.670196771621704,12,2.1957431212456767e-05,-3.359576882848783e-05,0.25967496533552964,0.630946647599365,0.2904686870678052,2.7550294950426113,0.09970875121256668,-0.8558334479078641,9.421709999193608,2.1957431212456767e-05,-3.359576882848783e-05,0.44212161151419943,0.6179935636572577,0.2827469859242024,2.980261831261276,0.14037611801318056,-0.8684572921257975,200.0,0.012113627141820352,0.2571428571428571,images/teleop_webcam_000012.jpg
2.821025848388672,13,3.324334373953561e-05,-3.0640360726218174e-05,0.26438362672952825,0.6310450023234132,0.28891957313706124,2.7550294950426113,0.10584467436410924,-0.8609467172008162,9.421709999193608,3.324334373953561e-05,-3.0640360726218174e-05,0.45224920328581547,0.6110038859529492,0.27720941799251375,2.993139592017163,0.1492370842107346,-0.8742130014692975,200.0,0.012113627141820352,0.2571428571428571,images/teleop_webcam_000013.jpg
2.9591574668884277,14,7.037667154947535e-05,-2.0483437210137845e-05,0.2709282477273573,0.6297533498029315,0.2857328282174243,2.7550294950426113,0.1119805975156518,-0.8628641931856733,9.421709999193608,7.037667154947535e-05,-2.0483437210137845e-05,0.4685267746970501,0.6040718706573682,0.2709781623277336,3.0054176587446566,0.15933570589564683,-0.8799663737227084,200.0,0.012113627141820352,0.2571428571428571,images/teleop_webcam_000014.jpg
3.1153006553649902,15,9.621013316063486e-05,-1.3225426991421776e-05,0.27753043409534645,0.6269399675630466,0.2812160510483561,2.7550294950426113,0.12425244381873693,-0.8730907317715775,9.421709999193608,9.621013316063486e-05,-1.3225426991421776e-05,0.4895076750988359,0.5966410309692638,0.2646588525210657,3.011091400175748,0.17078464247824504,-0.8765928165656214,200.0,0.012113627141820352,0.2571428571428571,images/teleop_webcam_000015.jpg
3.252732753753662,16,0.00011414196050460543,-8.041018232065461e-06,0.2828006897860868,0.6239566866442874,0.2771242237880661,2.756563475830497,0.12732040539450823,-0.8737298904331966,9.421709999193608,0.00011414196050460543,-8.041018232065461e-06,0.5141213403264548,0.5881176881021377,0.2581395997333524,3.011035589000553,0.17757950310353682,-0.8670261776953443,200.0,0.012113627141820352,0.2571428571428571,images/teleop_webcam_000016.jpg
3.400667905807495,17,0.00013654488771268976,-1.5264307898668443e-06,0.28929490543246,0.6187866523608566,0.27122476987621885,2.756563475830497,0.13499030933393644,-0.8743690490948155,9.421709999193608,0.00013654488771268976,-1.5264307898668443e-06,0.5354659159933772,0.5767937888317332,0.25105125634073394,3.01981114345678,0.1764887722634116,-0.8628636176475933,200.0,0.012113627141820352,0.2571428571428571,images/teleop_webcam_000017.jpg
3.560943126678467,18,0.0001477092462796618,1.8559227273080153e-06,0.29444996153654635,0.6122916706614706,0.26507868226939324,2.756563475830497,0.14112623248547898,-0.8615858758624351,9.421709999193608,0.0001477092462796618,1.8559227273080153e-06,0.5507399361323033,0.5647698410962074,0.24456486145271075,3.027047512995955,0.1704156107637916,-0.8609584267340352,200.0,0.012113627141820352,0.2571428571428571,images/teleop_webcam_000018.jpg
3.7045555114746094,19,0.000153265737523515,3.6415114709718865e-06,0.30056259146081576,0.6068933441352214,0.26038591759423296,2.7550294950426113,0.14112623248547898,-0.8609467172008162,9.421709999193608,0.000153265737523515,3.6415114709718865e-06,0.5614458975123067,0.5520790865112645,0.23887647049397415,3.0377298573149125,0.1614724872547155,-0.8596262519200376,200.0,0.012113627141820352,0.2571428571428571,images/teleop_webcam_000019.jpg
3.8668062686920166,20,0.0001343425327551568,-2.2903333281153876e-06,0.3069055812176311,0.5986416742089834,0.2538387951218299,2.7504275526789543,0.13959225169759334,-0.8590292412159589,9.421709999193608,0.0001343425327551568,-2.2903333281153876e-06,0.562469679531614,0.5387433569019332,0.2331662726664722,3.048427141001819,0.14866611518851847,-0.8610732599911922,200.0,0.012113627141820352,0.2571428571428571,images/teleop_webcam_000020.jpg
4.006741285324097,21,0.00015989057126004208,5.905309794232427e-06,0.3143285929167026,0.5904366681351549,0.24766638526833035,2.748893571891069,0.13652429012182207,-0.8590292412159589,9.421709999193608,0.00015989057126004208,5.905309794232427e-06,0.5527216818667458,0.5236863212572989,0.2276483806913978,3.0642674894952395,0.1382372976604807,-0.8658651222213667,178.04132148192605,0.012113627141820352,0.22891027047676205,images/teleop_webcam_000021.jpg
4.182974100112915,22,0.0001521415654784895,3.3243416775793205e-06,0.32117560668250433,0.5825149965219363,0.2413814386524606,2.753495514254726,0.12885438618239384,-0.8609467172008162,9.394098345011667,0.0001521415654784895,3.3243416775793205e-06,0.535189484378831,0.5073143791625816,0.22296065858546932,2.753495514254726,0.12885438618239384,-0.8609467172008162,124.88894808521054,0.01207812644358643,0.16057150468098497,images/teleop_webcam_000022.jpg
4.353728771209717,23,0.00018749483140523618,1.531439913800628e-05,0.3265034572489764,0.574531652853972,0.23532153939607617,2.7596314374062683,0.12885438618239384,-0.8609467172008162,9.303593478526414,0.00018749483140523618,1.531439913800628e-05,0.5189385924775085,0.4911728076359753,0.21970625313236616,3.0759560713136866,0.12602686737489868,-0.8714401080590918,80.10807911420076,0.011961763043819676,0.10299610171825813,images/teleop_webcam_000023.jpg
4.489604949951172,24,0.00016429328321058165,7.45721853500237e-06,0.33284645684098224,0.5664866371312619,0.2298051709847782,2.7596314374062683,0.1227184630308513,-0.8622250345240542,9.16400122682882,0.00016429328321058165,7.45721853500237e-06,0.5050582749186207,0.47620820133176633,0.21762010686825511,2.7596314374062683,0.1227184630308513,-0.8622250345240542,23.11056076435265,0.011782287291637052,0.02971357812559626,images/teleop_webcam_000024.jpg
4.656738042831421,25,0.0001698166847068248,9.327527295033972e-06,0.3391030837897716,0.5581333339901742,0.2248262892446287,2.7596314374062683,0.11811652066719437,-0.8666991451553874,8.869476915554777,0.0001698166847068248,9.327527295033972e-06,0.4885889761629758,0.46353330631404455,0.21614250904276364,2.7596314374062683,0.11811652066719437,-0.8666991451553874,15.475803180439174,0.011403613177141857,0.019897461231993225,images/teleop_webcam_000025.jpg
4.797919988632202,26,0.00017530688007583856,1.1301733531139928e-05,0.34416451871522236,0.5521816710719651,0.22169700322528593,2.7596314374062683,0.11811652066719437,-0.8666991451553874,8.631709893432504,0.00017530688007583856,1.1301733531139928e-05,0.47550304310506214,0.4530977125140904,0.21502269787333628,2.7596314374062683,0.11811652066719437,-0.8666991451553874,-23.80275505114058,0.011097912720127504,-0.030603542208609318,images/teleop_webcam_000026.jpg
4.951638698577881,27,0.0001643345665468532,7.3407113432419e-06,0.3498955629173881,0.5443133295757859,0.21823607259700503,2.76269939898204,0.11811652066719437,-0.8666991451553874,8.363263255552516,0.0001643345665468532,7.3407113432419e-06,0.464800891028404,0.4445926404783874,0.21416478477201123,2.76269939898204,0.11811652066719437,-0.8666991451553874,-39.04901612108027,0.010752767042853235,-0.05020587786996035,images/teleop_webcam_000027.jpg
5.103504180908203,28,0.0001424604790992044,-7.836268248323508e-07,0.3561449806715204,0.5361583387005197,0.21566104517735737,2.76269939898204,0.11811652066719437,-0.8666991451553874,8.0764088482179,0.0001424604790992044,-7.836268248323508e-07,0.456265231890359,0.43765521183289047,0.21362635335955876,2.76269939898204,0.11811652066719437,-0.8666991451553874,-53.04865395423559,0.010383954233423014,-0.06820541222687433,images/teleop_webcam_000028.jpg
5.2546117305755615,29,0.00013154975645128042,-4.911612098441615e-06,0.3612280431809421,0.5279766463390582,0.2139970265286527,2.76269939898204,0.11811652066719437,-0.8666991451553874,7.771146671428658,0.00013154975645128042,-4.911612098441615e-06,0.44895405377665587,0.4318873107636543,0.2131772851358138,2.76269939898204,0.11811652066719437,-0.8666991451553874,-105.90344754535661,0.009991474291836847,-0.13616157541545848,images/teleop_webcam_000029.jpg
5.398173093795776,30,0.00011630191450136534,-1.0771123188142544e-05,0.3685862409744343,0.5218483456219938,0.213240445093564,2.76269939898204,0.11811652066719437,-0.8673383038170063,7.291010684820453,0.00011630191450136534,-1.0771123188142544e-05,0.44352259917449105,0.42696149006726825,0.21258310859338242,2.76269939898204,0.11811652066719437,-0.8673383038170063,-124.3776066836868,0.009374156594769152,-0.15991406573616876,images/teleop_webcam_000030.jpg
5.540973424911499,31,6.199502514590491e-05,-3.2050654544837215e-05,0.3760452101300761,0.5139033238687326,0.2126610416836764,2.76269939898204,0.11811652066719437,-0.8666991451553874,6.953534911485612,6.199502514590491e-05,-3.2050654544837215e-05,0.44154282818616986,0.4228449081672688,0.21196766379132728,2.76269939898204,0.11811652066719437,-0.8666991451553874,-123.00924096178323,0.008940259171910072,-0.15815473837943558,images/teleop_webcam_000031.jpg
5.7013185024261475,32,5.007915140011919e-05,-3.681670198809467e-05,0.3818122412943836,0.5053366638318114,0.2120253568099761,2.76269939898204,0.11811652066719437,-0.8673383038170063,6.606855253423457,5.007915140011919e-05,-3.681670198809467e-05,0.43835700291964935,0.4194426162693915,0.21124519249677423,2.76269939898204,0.11811652066719437,-0.8673383038170063,-120.3511242721321,0.008494528182973015,-0.15473715977845554,images/teleop_webcam_000032.jpg
5.857757091522217,33,1.976062818037031e-05,-4.898208704090523e-05,0.3877592761157339,0.4976466358075641,0.21135975196701975,2.76269939898204,0.11811652066719437,-0.8673383038170063,6.062292073724055,1.976062818037031e-05,-4.898208704090523e-05,0.4363351330713745,0.4167140359250522,0.21045017740428829,2.76269939898204,0.11811652066719437,-0.8673383038170063,-119.35049468640018,0.007794375523359499,-0.15345063602537165,images/teleop_webcam_000033.jpg
6.0004191398620605,34,-7.307484333551146e-07,-5.742967097900858e-05,0.39338232992590266,0.49145331168960116,0.21069054940148121,2.76269939898204,0.11811652066719437,-0.8673383038170063,5.681864838328415,-7.307484333551146e-07,-5.742967097900858e-05,0.43401760857683386,0.41500755368681885,0.20978849201671265,2.76269939898204,0.11811652066719437,-0.8673383038170063,-118.76704374755786,0.007305254792136532,-0.15270048481828868,images/teleop_webcam_000034.jpg
6.155800819396973,35,-7.272080229025688e-07,-5.743809188745049e-05,0.3995309369771234,0.48344166371771624,0.20986691950008843,2.76269939898204,0.11811652066719437,-0.8673383038170063,5.3029715837206615,-7.272080229025688e-07,-5.743809188745049e-05,0.4333907139062385,0.4145550093313546,0.20910201099832237,2.76269939898204,0.11811652066719437,-0.8673383038170063,-120.141694669509,0.006818106321926564,-0.15446789314651155,images/teleop_webcam_000035.jpg
6.308995962142944,36,2.1780365888473055e-05,-4.7762867926258445e-05,0.4054563737200742,0.47516999499758844,0.20915343224022032,2.76269939898204,0.11811652066719437,-0.8673383038170063,4.919476386749251,2.1780365888473055e-05,-4.7762867926258445e-05,0.43487158631810047,0.4165100644156702,0.20851799476031596,2.76269939898204,0.11811652066719437,-0.8673383038170063,-123.50763100214353,0.006325041068677608,-0.15879552557418453,images/teleop_webcam_000036.jpg
6.484497547149658,37,3.137666668432369e-05,-4.34988250972608e-05,0.41084901852174444,0.46724333279281627,0.20860275828047978,2.76269939898204,0.11811652066719437,-0.8673383038170063,4.345767572080021,3.137666668432369e-05,-4.34988250972608e-05,0.4342064796073839,0.42204205096944275,0.20804547314159058,3.088559956355916,0.12677899792511454,-0.8809553137480476,-121.76443653085994,0.00558741544981717,-0.15655427553967707,images/teleop_webcam_000037.jpg
6.612389802932739,38,-9.250654349431987e-06,-6.123552222501646e-05,0.4153416843789633,0.461083339998003,0.208274737559379,2.7550294950426113,0.11811652066719437,-0.8686166211402443,3.9592044135328397,-9.250654349431987e-06,-6.123552222501646e-05,0.4248550757417849,0.43126285036883066,0.2067829596215297,2.7550294950426113,0.11811652066719437,-0.8686166211402443,-116.59265176690181,0.0050904056745422225,-0.14990483798601661,images/teleop_webcam_000038.jpg
6.7898876667022705,39,4.2946043559879965e-05,-3.794056013735336e-05,0.42215990070689907,0.45117333656896136,0.20706324699837328,2.7550294950426113,0.11811652066719437,-0.8762865250796725,3.575709216561429,4.2946043559879965e-05,-3.794056013735336e-05,0.4075204315846611,0.44138686641857716,0.20521652169785234,2.7550294950426113,0.11811652066719437,-0.8762865250796725,-117.74463659960972,0.004597340421293265,-0.15138596134235535,images/teleop_webcam_000039.jpg
6.938517093658447,40,7.842621222007955e-06,-5.3742138845735976e-05,0.425550995719415,0.44602002258861906,0.20615700030386633,2.7550294950426113,0.11658253987930874,-0.8762865250796725,2.991262536377,7.842621222007955e-06,-5.3742138845735976e-05,0.38130844922298957,0.4510123727422323,0.20424509596428814,2.7550294950426113,0.11658253987930874,-0.8762865250796725,-117.9118979474094,0.003845908975341857,-0.15160101164666923,images/teleop_webcam_000040.jpg
7.088238954544067,41,3.4395349552351906e-05,-4.167341672145497e-05,0.4279773175522813,0.44061834471621725,0.20466777864214478,2.7550294950426113,0.11811652066719437,-0.8769256837412914,2.5954954931025047,3.4395349552351906e-05,-4.167341672145497e-05,0.3499625465181951,0.4599633713885237,0.20426499578168633,2.7550294950426113,0.11811652066719437,-0.8769256837412914,-116.89459585034669,0.0033370656339889344,-0.1502930518075886,images/teleop_webcam_000041.jpg
9.467412233352661,42,-8.70355062599663e-05,-9.601281398919151e-05,0.3654399241837782,0.4600699949189021,0.2042703284165219,2.7550294950426113,0.11811652066719437,-0.8769256837412914,-4.331961744989051,-8.70355062599663e-05,-9.601281398919151e-05,0.27908331208040976,0.4737274936114318,0.20639175840141702,3.096655887991878,0.12997683830870246,-0.9038218204262666,-119.37362157413291,-0.005569665100700207,-0.15348037059531375,images/teleop_webcam_000042.jpg
9.60379958152771,43,-9.46394697547287e-05,-9.899507009146838e-05,0.36102647095107154,0.46008500312123835,0.20443672635660412,2.7550294950426113,0.11811652066719437,-0.8769256837412914,-4.606544306020581,-9.46394697547287e-05,-9.899507009146838e-05,0.22538101736012897,0.4859903735476493,0.20782257473926535,3.102960556950968,0.133955701729458,-0.9224194205386765,-118.97047577100545,-0.005922699822026461,-0.15296204027700702,images/teleop_webcam_000043.jpg
9.749036312103271,44,-5.5288370891101377e-05,-8.43145370138243e-05,0.35558339129237393,0.4616483332461465,0.20595229643025473,2.756563475830497,0.11811652066719437,-0.893543808943386,-4.813631712385142,-5.5288370891101377e-05,-8.43145370138243e-05,0.1815493341724888,0.49680428933774506,0.20847868884513374,3.1078742086617748,0.14007055225086765,-0.9377305615396538,-119.20646712076457,-0.006188955058780896,-0.15326545772669728,images/teleop_webcam_000044.jpg
9.900002717971802,45,-6.511920593756061e-05,-8.800484658185153e-05,0.3500899554581732,0.46439997057593446,0.20790602986653076,2.7642333797699257,0.11965050145508001,-0.9223059487162418,-4.996175426143534,-6.511920593756061e-05,-8.800484658185153e-05,0.1480927785804138,0.50594158642604,0.20807369179438845,3.1123991333977354,0.14605442562557477,-0.9517562798370426,-118.03991829900818,-0.0064236541193274,-0.15176560924158194,images/teleop_webcam_000045.jpg
10.039690017700195,46,-3.5479243335122604e-05,-7.733630340179057e-05,0.34518690644098465,0.4674716978909859,0.20849380615806415,2.7688353221335826,0.12118448224296564,-0.9370065979334791,-5.03605892662856,-3.5479243335122604e-05,-7.733630340179057e-05,0.12139719009445293,0.5137718492922334,0.20694244962228714,3.115272538825403,0.1511891301658543,-0.9637353991283332,-118.03202530608286,-0.006474932905665291,-0.15175546110782082,images/teleop_webcam_000046.jpg
10.173005104064941,47,-5.3053415980704264e-05,-8.362771716569246e-05,0.3398590558745126,0.4711316593111967,0.2085776134702873,2.770369302921468,0.12118448224296564,-0.9491506125042404,-5.037592907416446,-5.3053415980704264e-05,-8.362771716569246e-05,0.10313811544954354,0.5197230145791265,0.20505534131177258,3.119087461878215,0.15367565777091421,-0.9754442030380445,-116.61973551014509,-0.006476905166678288,-0.14993965994161512,images/teleop_webcam_000047.jpg
10.309376239776611,48,-5.637032522358507e-05,-8.475340638216394e-05,0.3322344817807611,0.47722834080586346,0.2070404963090264,2.770369302921468,0.1227184630308513,-0.9606554684133828,-5.037592907416446,-5.637032522358507e-05,-8.475340638216394e-05,0.08870546253322731,0.524450766286323,0.20291776717286814,3.1203956661588337,0.153360278063037,-0.9841585110168434,-117.62102160467967,-0.006476905166678288,-0.1512270277774453,images/teleop_webcam_000048.jpg
10.45050573348999,49,-3.652861801702392e-05,-7.787156475048962e-05,0.32696421625483024,0.482628343005189,0.20530106939499948,2.770369302921468,0.1227184630308513,-0.9727994829841441,-5.037592907416446,-3.652861801702392e-05,-7.787156475048962e-05,0.08681360290020024,0.5283860396829716,0.1998528702895358,3.1183129990916174,0.15371449721380814,-0.9895466690664997,-118.81308346270202,-0.006476905166678288,-0.15275967873775975,images/teleop_webcam_000049.jpg
10.591708898544312,50,5.479451012192077e-06,-6.371760412328745e-05,0.3203116147001948,0.4907333186818929,0.202612301611245,2.770369302921468,0.1227184630308513,-0.9798302282619533,-5.037592907416446,5.479451012192077e-06,-6.371760412328745e-05,0.08924088196935104,0.5311762885669554,0.19543733999833762,3.115427359651844,0.15620008976325572,-0.9922203493128499,-119.80083514457593,-0.006476905166678288,-0.15402964518588333,images/teleop_webcam_000050.jpg
10.730215549468994,51,3.319084769261727e-05,-5.461429479558175e-05,0.3157973310941954,0.4968166676472997,0.2004394995762838,2.770369302921468,0.1227184630308513,-0.9843043388932865,-5.037592907416446,3.319084769261727e-05,-5.461429479558175e-05,0.10059819372948536,0.5340882109654806,0.19093322620751588,3.109720321886619,0.15137269386491303,-0.9903484973716681,-120.76787435520578,-0.006476905166678288,-0.155272981313836,images/teleop_webcam_000051.jpg
10.850575685501099,52,-1.1690385211607368e-07,-6.536417963349563e-05,0.3107430856930206,0.5029333479358562,0.19765736107955137,2.770369302921468,0.1227184630308513,-0.9855826562165245,-5.037592907416446,-1.1690385211607368e-07,-6.536417963349563e-05,0.11664073937237665,0.5366737212083159,0.1882024379500125,2.770369302921468,0.1227184630308513,-0.9855826562165245,-117.61321499844892,-0.006476905166678288,-0.15121699071229147,images/teleop_webcam_000052.jpg
10.980823993682861,53,-4.580352003289052e-06,-6.673095962053503e-05,0.3057176475649022,0.5089016583018023,0.1945124936507709,2.770369302921468,0.1227184630308513,-0.9855826562165245,-5.037592907416446,-4.580352003289052e-06,-6.673095962053503e-05,0.13427488569002158,0.5379321902639667,0.1879011323625024,2.770369302921468,0.1227184630308513,-0.9855826562165245,-114.45211161943784,-0.006476905166678288,-0.14715271493927723,images/teleop_webcam_000053.jpg
11.113065719604492,54,-1.4598831101043236e-05,-6.986560594857485e-05,0.29915860817775924,0.5169050007636564,0.1910444068252084,2.770369302921468,0.1227184630308513,-0.9855826562165245,-5.037592907416446,-1.4598831101043236e-05,-6.986560594857485e-05,0.14979739738117434,0.538621009941185,0.1890892407154387,2.770369302921468,0.1227184630308513,-0.9855826562165245,-112.01259590286598,-0.006476905166678288,-0.14401619473225624,images/teleop_webcam_000054.jpg
11.271799802780151,55,-1.0102683508260955e-05,-6.86124575570244e-05,0.29354279306781905,0.5239049793295169,0.18882013773338083,2.770369302921468,0.1227184630308513,-0.9855826562165245,-5.039126888204331,-1.0102683508260955e-05,-6.86124575570244e-05,0.16682948485409665,0.5392133755615549,0.1917825908171985,3.1155299683884996,0.14711056704435294,-0.967906726349514,-109.2163315685431,-0.006478877427691283,-0.140420997730984,images/teleop_webcam_000055.jpg
11.40056848526001,56,-5.9251436307524146e-05,-8.341533250906356e-05,0.2889781139455545,0.5282433333519311,0.18804080560894523,2.770369302921468,0.1227184630308513,-0.9855826562165245,-5.037592907416446,-5.9251436307524146e-05,-8.341533250906356e-05,0.18252536309842082,0.5395961185754778,0.19584106666957457,2.770369302921468,0.1227184630308513,-0.9855826562165245,-106.37408698455273,-0.006476905166678288,-0.1367666832658535,images/teleop_webcam_000056.jpg
11.558120727539062,57,-7.37936426463817e-05,-8.772266975371574e-05,0.282995082326872,0.5330966654239264,0.18787439458623545,2.770369302921468,0.1227184630308513,-0.9670470550295729,-5.037592907416446,-7.37936426463817e-05,-8.772266975371574e-05,0.19675465897760544,0.5394382751117283,0.20150803396517802,2.770369302921468,0.1227184630308513,-0.9670470550295729,-105.19582021017283,-0.006476905166678288,-0.13525176884165077,images/teleop_webcam_000057.jpg
11.700104236602783,58,-8.049339231870189e-05,-8.97620652778458e-05,0.2780560266771606,0.5358166471036412,0.18893865325655126,2.770369302921468,0.1227184630308513,-0.967686213691192,-5.039126888204331,-8.049339231870189e-05,-8.97620652778458e-05,0.2115115669143916,0.5391748024715999,0.2075835500949986,2.770369302921468,0.1227184630308513,-0.967686213691192,-105.65011014434677,-0.006478877427691283,-0.1358358558998744,images/teleop_webcam_000058.jpg
11.864146709442139,59,-6.700320727380093e-05,-8.601710495463079e-05,0.2709858327678986,0.5383350015990571,0.19122997081468288,2.770369302921468,0.1227184630308513,-0.967686213691192,-5.037592907416446,-6.700320727380093e-05,-8.601710495463079e-05,0.2219788681356622,0.5383899247619828,0.21356305946889553,3.119857303056055,0.1442888786425426,-0.9341683527588188,-105.43934762240119,-0.006476905166678288,-0.1355648755145158,images/teleop_webcam_000059.jpg
12.038463830947876,60,-4.444373634093085e-05,-8.005153067726714e-05,0.26234607030785123,0.5395566765547624,0.19617173714041197,2.770369302921468,0.1227184630308513,-0.9638512617214778,-5.037592907416446,-4.444373634093085e-05,-8.005153067726714e-05,0.22683627124670414,0.5373846140241868,0.21820681636149547,3.121242937065283,0.14142656015004934,-0.9075006831271486,-103.8908041697593,-0.006476905166678288,-0.13357389107540482,images/teleop_webcam_000060.jpg
12.187588214874268,61,-3.4265451590069496e-05,-7.748960382087527e-05,0.2570254436888219,0.5395500102901324,0.2000061375379771,2.767301341345697,0.1227184630308513,-0.931893328640527,-5.037592907416446,-3.4265451590069496e-05,-7.748960382087527e-05,0.2370883422967829,0.5371607132960743,0.22179583995477878,3.1236051218400025,0.13713036314486607,-0.8872495944183874,-104.97411481872246,-0.006476905166678288,-0.13496671905264315,images/teleop_webcam_000061.jpg
12.324145793914795,62,-3.768944209205094e-06,-6.959614546825886e-05,0.25117200054053573,0.5383483341283171,0.20639762907278936,2.7642333797699257,0.1227184630308513,-0.9082444581606235,-5.037592907416446,-3.768944209205094e-06,-6.959614546825886e-05,0.24286636903202946,0.5381411896398407,0.22584276768228354,2.7642333797699257,0.1227184630308513,-0.9082444581606235,-105.26392416050912,-0.006476905166678288,-0.13533933106351173,images/teleop_webcam_000062.jpg
12.466773509979248,63,1.99942072329172e-05,-6.363933171159297e-05,0.24804008738640784,0.5374933401549338,0.21113469152490683,2.767301341345697,0.1227184630308513,-0.8877913809888148,-5.037592907416446,1.99942072329172e-05,-6.363933171159297e-05,0.25150963082228794,0.5395797620138515,0.2298313290838463,3.1248436963166895,0.13761420260597887,-0.8668263754215391,-103.10690335231243,-0.006476905166678288,-0.13256601859583025,images/teleop_webcam_000063.jpg
12.609023809432983,64,-4.676232497657397e-05,-8.040970384082247e-05,0.2441162102678019,0.5371616661688379,0.21722330714881075,2.770369302921468,0.1227184630308513,-0.8852347463423388,-5.037592907416446,-4.676232497657397e-05,-8.040970384082247e-05,0.2588647864438479,0.54067006822395,0.23304169655107052,3.1250751750736936,0.13677547134197837,-0.8503121240306156,-103.12295366042552,-0.006476905166678288,-0.13258665470626138,images/teleop_webcam_000064.jpg
12.74228286743164,65,-1.2803452193481911e-05,-7.193509417744229e-05,0.24212905427998524,0.537843337261843,0.22148870162909215,2.7719032837093533,0.1227184630308513,-0.8692557798018634,-5.037592907416446,-1.2803452193481911e-05,-7.193509417744229e-05,0.26849363977228635,0.540885790392119,0.2353766920179016,2.7719032837093533,0.1227184630308513,-0.8692557798018634,-103.7877034788155,-0.006476905166678288,-0.13344133304419137,images/teleop_webcam_000065.jpg
12.896678447723389,66,3.0547820722170473e-06,-6.802813633912698e-05,0.2409050894067571,0.5399950107749372,0.22684347342462663,2.773437264497239,0.1227184630308513,-0.8500810199532929,-5.037592907416446,3.0547820722170473e-06,-6.802813633912698e-05,0.27912188577008035,0.5406515548008495,0.23639242120725915,2.773437264497239,0.1227184630308513,-0.8500810199532929,-101.95871796286026,-0.006476905166678288,-0.1310897802379632,images/teleop_webcam_000066.jpg
13.379726648330688,67,4.189067713145783e-06,-6.775561435047248e-05,0.24215065727597984,0.5407733244912384,0.23583992543097018,2.7719032837093533,0.1227184630308513,-0.8494418612916738,-5.037592907416446,4.189067713145783e-06,-6.775561435047248e-05,0.3074718147048865,0.5373111571802355,0.2274233265352595,2.7719032837093533,0.1227184630308513,-0.8494418612916738,-102.8829646260931,-0.006476905166678288,-0.13227809737640542,images/teleop_webcam_000067.jpg
13.515746116638184,68,1.3248339118788165e-05,-6.55046028660046e-05,0.24389299570117462,0.5406866994787248,0.23642053244259434,2.7719032837093533,0.1227184630308513,-0.8500810199532929,-5.039126888204331,1.3248339118788165e-05,-6.55046028660046e-05,0.33833214233994113,0.5319705208219635,0.21763942011092324,2.7719032837093533,0.1227184630308513,-0.8500810199532929,-100.00738938930591,-0.006478877427691283,-0.1285809292148219,images/teleop_webcam_000068.jpg
13.660902500152588,69,4.179515380424957e-06,-6.772728930532976e-05,0.2469169332160913,0.5391899955724404,0.2362649015050035,2.773437264497239,0.1227184630308513,-0.8500810199532929,-5.037592907416446,4.179515380424957e-06,-6.772728930532976e-05,0.3725503676770837,0.5264619002577073,0.20565913541108272,2.773437264497239,0.1227184630308513,-0.8500810199532929,-96.67556528676474,-0.006476905166678288,-0.12429715536869751,images/teleop_webcam_000069.jpg
13.799619436264038,70,-7.273884701423407e-05,-8.712572067372942e-05,0.25104959175922476,0.5370500153432055,0.2346475747541016,2.773437264497239,0.1227184630308513,-0.8500810199532929,-5.037592907416446,-7.273884701423407e-05,-8.712572067372942e-05,0.40522334304214014,0.5213676269344434,0.19415354799905937,2.773437264497239,0.1227184630308513,-0.8500810199532929,-98.68510254338578,-0.006476905166678288,-0.1268808461272103,images/teleop_webcam_000070.jpg
13.949796438217163,71,-0.00012242092714899672,-0.00010004826456104163,0.25633427075687437,0.533208316249559,0.23191092455343534,2.7719032837093533,0.1227184630308513,-0.8500810199532929,-5.00077736850719,-0.00012242092714899672,-0.00010004826456104163,0.4350710099562165,0.5169926109774647,0.18411322790817677,2.7719032837093533,0.1227184630308513,-0.8500810199532929,-99.16558329175018,-0.006429570902366387,-0.1274986070893931,images/teleop_webcam_000071.jpg
14.103014707565308,72,-0.00011795021161289422,-9.869067416984345e-05,0.2615325033473785,0.5277349851393043,0.22750906518495542,2.7719032837093533,0.1227184630308513,-0.8494418612916738,-4.990039502991991,-0.00011795021161289422,-9.869067416984345e-05,0.4600272653373666,0.5132939744006779,0.17542663831089328,2.7719032837093533,0.1227184630308513,-0.8494418612916738,-98.92898132860111,-0.006415765075275416,-0.12719440456534428,images/teleop_webcam_000072.jpg
14.249610424041748,73,-7.851541029997924e-05,-8.809371621021703e-05,0.2660755647208627,0.5238016704415906,0.22364709969109708,2.7719032837093533,0.1227184630308513,-0.8500810199532929,-4.994641445355648,-7.851541029997924e-05,-8.809371621021703e-05,0.4760454220313306,0.5096946406632479,0.16884910633735262,2.7719032837093533,0.1227184630308513,-0.8500810199532929,-96.72250104152627,-0.006421681858314404,-0.12435750133910521,images/teleop_webcam_000073.jpg
14.401434898376465,74,-1.2123054541318245e-05,-6.995315270393043e-05,0.27169861853103144,0.5185399841264176,0.2173023131367152,2.7719032837093533,0.1227184630308513,-0.8500810199532929,-4.98697154141622,-1.2123054541318245e-05,-6.995315270393043e-05,0.49359774621639885,0.5071040903303221,0.16447200875193196,3.1265026538240663,0.14629918970494296,-0.8780607712977626,192.3592730255038,-0.006411820553249426,0.2473190653185049,images/teleop_webcam_000074.jpg
14.53347897529602,75,2.4977063773757354e-05,-5.9662353121670616e-05,0.2769616551919243,0.515216687283856,0.21161713958186187,2.7719032837093533,0.1227184630308513,-0.8500810199532929,-4.9302142522644505,2.4977063773757354e-05,-5.9662353121670616e-05,0.5051713374556303,0.5061538614274083,0.16229249542446603,2.7719032837093533,0.1227184630308513,-0.8500810199532929,195.38690087533993,-0.0063388468957685795,0.2512117296968656,images/teleop_webcam_000075.jpg
14.682732105255127,76,6.307805100770961e-05,-4.864397193752451e-05,0.28393106790384637,0.5109833178224444,0.2034706528062126,2.7719032837093533,0.1227184630308513,-0.8666991451553874,-4.818233654748799,6.307805100770961e-05,-4.864397193752451e-05,0.5119066305819157,0.5066574485200515,0.1615209521523083,2.7719032837093533,0.1227184630308513,-0.8666991451553874,195.4435965043528,-0.006194871841819885,0.251284624077025,images/teleop_webcam_000076.jpg
14.833603382110596,77,2.6159597952740048e-05,-5.954516815336042e-05,0.29158442960027325,0.5080799956515687,0.19537563308742967,2.7688353221335826,0.1227184630308513,-0.8737298904331966,-4.657165672020807,2.6159597952740048e-05,-5.954516815336042e-05,0.518282035509007,0.5075890360276676,0.16126127692550413,2.7688353221335826,0.1227184630308513,-0.8737298904331966,195.53370958763406,-0.005987784435455323,0.25140048375552954,images/teleop_webcam_000077.jpg
14.994627714157104,78,1.1648437933006869e-05,-6.395006347504131e-05,0.298733826298857,0.5064616597365448,0.1872303368308894,2.7642333797699257,0.1227184630308513,-0.8750082077564346,-4.34269961050425,1.1648437933006869e-05,-6.395006347504131e-05,0.5204106224958296,0.5082947543416576,0.16148621301604443,2.7642333797699257,0.1227184630308513,-0.8750082077564346,194.9648614013762,-0.005583470927791179,0.2506691075160551,images/teleop_webcam_000078.jpg
15.1390540599823,79,2.052608724798996e-05,-6.10761550769931e-05,0.30427767731970407,0.5060099929871101,0.18145177948043056,2.7642333797699257,0.1227184630308513,-0.8756473664180535,-4.0911267612910045,2.052608724798996e-05,-6.10761550769931e-05,0.5198388023360521,0.5087933030906298,0.16239028972229147,2.7642333797699257,0.1227184630308513,-0.8756473664180535,196.89267910852203,-0.0052600201216598625,0.25314773028238546,images/teleop_webcam_000079.jpg
15.316956996917725,80,4.158089286753104e-05,-5.4148782028931586e-05,0.31360139859944675,0.5066833585700845,0.17332324206980942,2.7642333797699257,0.1227184630308513,-0.8762865250796725,-3.667748063834568,4.158089286753104e-05,-5.4148782028931586e-05,0.523211200676378,0.5093386815610322,0.16347609905675375,2.7642333797699257,0.1227184630308513,-0.8762865250796725,197.8062835423144,-0.004715676082073016,0.2543223645544042,images/teleop_webcam_000080.jpg
15.480479001998901,81,7.040075772753434e-05,-4.470262480373195e-05,0.32021083350285506,0.5087216691567941,0.16843536308704743,2.765767360557811,0.1227184630308513,-0.8769256837412914,-3.3578839446816686,7.040075772753434e-05,-4.470262480373195e-05,0.5223781051309538,0.5097406102003363,0.16450865739101594,2.765767360557811,0.1227184630308513,-0.8769256837412914,197.78029982124585,-0.00431727935744786,0.25428895691303033,images/teleop_webcam_000081.jpg
15.65176248550415,82,0.00010133214149140105,-3.4187107947006995e-05,0.32615785848901474,0.5096216513095106,0.1648056665630939,2.7642333797699257,0.1227184630308513,-0.8769256837412914,-2.8654761117703775,0.00010133214149140105,-3.4187107947006995e-05,0.5215530320255428,0.5102041905842846,0.16544877333025326,2.7642333797699257,0.1227184630308513,-0.8769256837412914,197.5814940808288,-0.0036841835722761992,0.2540333495324942,images/teleop_webcam_000082.jpg
15.825151443481445,83,8.698937991547754e-05,-3.912278541795197e-05,0.33191048109919885,0.5101299995221374,0.16246046166199518,2.765767360557811,0.1227184630308513,-0.8769256837412914,-2.5295343192234223,8.698937991547754e-05,-3.912278541795197e-05,0.5213544790455084,0.5110186956873218,0.16636704748945452,2.765767360557811,0.1227184630308513,-0.8769256837412914,197.8984416716586,-0.003252258410430114,0.25444085357784674,images/teleop_webcam_000083.jpg
15.985745906829834,84,0.00012558610997919113,-2.5792433464981966e-05,0.33836869011304915,0.5106866872602501,0.16141297492022608,2.7642333797699257,0.1227184630308513,-0.8775648424029105,-2.003378908978647,0.00012558610997919113,-2.5792433464981966e-05,0.5209400126058462,0.5118928350541662,0.16730519412717945,2.7642333797699257,0.1227184630308513,-0.8775648424029105,197.57666330691848,-0.0025757728829725463,0.2540271385374666,images/teleop_webcam_000084.jpg
16.12295365333557,85,0.0001135051982177112,-3.0118366908766375e-05,0.34476931408635836,0.5116849877093392,0.16143214096961836,2.7642333797699257,0.1227184630308513,-0.8769256837412914,-1.6459613854012929,0.0001135051982177112,-3.0118366908766375e-05,0.5224362847055972,0.5122277906692189,0.16817434647617746,2.7642333797699257,0.1227184630308513,-0.8769256837412914,197.82716878453832,-0.0021162360669445194,0.2543492170086921,images/teleop_webcam_000085.jpg
16.27946972846985,86,9.925646290271598e-05,-3.531470926866273e-05,0.35052194653173296,0.5123383544984238,0.1632230611057668,2.7642333797699257,0.1227184630308513,-0.8769256837412914,-1.2716700731571964,9.925646290271598e-05,-3.531470926866273e-05,0.5219222969994274,0.5124513017216826,0.1696733509436552,2.7642333797699257,0.1227184630308513,-0.8769256837412914,195.78046673648316,-0.0016350043797735382,0.2517177429469069,images/teleop_webcam_000086.jpg
16.41404414176941,87,8.722343561540918e-05,-3.9771934802722286e-05,0.35512261261613937,0.5124966691764657,0.1652821227766212,2.7642333797699257,0.1227184630308513,-0.8775648424029105,-0.9004467224888714,8.722343561540918e-05,-3.9771934802722286e-05,0.5197073142847968,0.5134842266465142,0.17190879710744827,2.7642333797699257,0.1227184630308513,-0.8775648424029105,196.31767388029684,-0.0011577172146285488,0.2524084378460959,images/teleop_webcam_000087.jpg
16.57022261619568,88,7.852459097419618e-05,-4.315381560811467e-05,0.3615880308246467,0.5128866638711546,0.16874063311880133,2.7642333797699257,0.1227184630308513,-0.8775648424029105,-0.5184855063053467,7.852459097419618e-05,-4.315381560811467e-05,0.5199572943980719,0.5146804860014448,0.1744437698660279,2.7642333797699257,0.1227184630308513,-0.8775648424029105,196.920641807723,-0.0006666242223925886,0.2531836823242153,images/teleop_webcam_000088.jpg
16.721760034561157,89,7.413025886831865e-05,-4.473066449614191e-05,0.36664228606101196,0.5142766346880088,0.17173705197252773,2.7642333797699257,0.1227184630308513,-0.8775648424029105,0.06902913545485385,7.413025886831865e-05,-4.473066449614191e-05,0.5159222281933606,0.5154925755945456,0.17809184457098304,2.7642333797699257,0.1227184630308513,-0.8775648424029105,194.89342483806618,8.875174558481209e-05,0.2505772605060851,images/teleop_webcam_000089.jpg
16.86165714263916,90,-1.0657806499852866e-05,-7.776662875690413e-05,0.3744180663739404,0.5152250292215623,0.1739553423035551,2.7642333797699257,0.1227184630308513,-0.8769256837412914,0.4586602555778067,-1.0657806499852866e-05,-7.776662875690413e-05,0.5130604993365981,0.5162100175420895,0.18245128982414405,2.7642333797699257,0.1227184630308513,-0.8769256837412914,189.19975026420707,0.0005897060428857514,0.24325682176826624,images/teleop_webcam_000090.jpg
17.025455951690674,91,-3.0162401351814874e-05,-8.555189934116372e-05,0.38050909821981044,0.5161483250866458,0.17747251514776596,2.765767360557811,0.1227184630308513,-0.8775648424029105,0.8452234141249882,-3.0162401351814874e-05,-8.555189934116372e-05,0.5092341826991844,0.5162125480505466,0.18724894458291472,2.765767360557811,0.1227184630308513,-0.8775648424029105,188.12355484269276,0.0010867158181606992,0.24187314194060497,images/teleop_webcam_000091.jpg
17.180591583251953,92,-3.774056439797245e-05,-8.858547078510227e-05,0.386376910581458,0.5163350169239594,0.18131292047138642,2.765767360557811,0.1227184630308513,-0.8775648424029105,1.2317865726721697,-3.774056439797245e-05,-8.858547078510227e-05,0.5070481577407773,0.5158140231984412,0.1912359322449268,2.765767360557811,0.1227184630308513,-0.8775648424029105,189.84288074251668,0.0015837255934356466,0.24408370381180713,images/teleop_webcam_000092.jpg
17.333162784576416,93,-5.928404677736816e-05,-9.755379499720024e-05,0.3941958968863757,0.5161733508997646,0.1854394428599961,2.7642333797699257,0.1227184630308513,-0.8775648424029105,1.811631310492942,-5.928404677736816e-05,-9.755379499720024e-05,0.44946442554643795,0.5204434435193319,0.19316891426255664,2.7642333797699257,0.1227184630308513,-0.8775648424029105,189.84288074251668,0.002329240256348068,0.24408370381180713,images/teleop_webcam_000093.jpg
17.50411868095398,94,-5.927278085532536e-05,-9.757657096449383e-05,0.3994805512960489,0.5161016612342362,0.18924871152999634,2.7642333797699257,0.1227184630308513,-0.8769256837412914,2.2120002961310945,-5.927278085532536e-05,-9.757657096449383e-05,0.40135703422113117,0.5224524751465287,0.1947370392686572,2.7642333797699257,0.1227184630308513,-0.8769256837412914,189.84288074251668,0.0028440003807399783,0.24408370381180713,images/teleop_webcam_000094.jpg
17.668965339660645,95,-4.422467444785763e-05,-9.122616445982751e-05,0.4049523890518504,0.517710015966153,0.1923157634899814,2.7642333797699257,0.1227184630308513,-0.8769256837412914,2.8025828994670663,-4.422467444785763e-05,-9.122616445982751e-05,0.3636178321342193,0.522666279521095,0.19593224754643007,2.7642333797699257,0.1227184630308513,-0.8769256837412914,189.84288074251668,0.0036033208707433708,0.24408370381180713,images/teleop_webcam_000095.jpg
17.813135385513306,96,-4.6357409938213925e-05,-9.217227636436343e-05,0.40937307114959515,0.5204666803151702,0.19465496346502478,2.7642333797699257,0.1227184630308513,-0.8775648424029105,3.2044858658931044,-4.6357409938213925e-05,-9.217227636436343e-05,0.33415844803326455,0.5229151447507216,0.19750452339132962,2.7642333797699257,0.1227184630308513,-0.8775648424029105,189.84288074251668,0.0041200532561482765,0.24408370381180713,images/teleop_webcam_000096.jpg
17.99601101875305,97,4.451105211591977e-05,-5.2471529542880146e-05,0.41250498922131823,0.5224283470724734,0.1966817110457775,2.7642333797699257,0.1227184630308513,-0.8775648424029105,3.7981364308048473,4.451105211591977e-05,-5.2471529542880146e-05,0.3073794160756424,0.5228110631496269,0.19900023166133346,2.7642333797699257,0.1227184630308513,-0.8775648424029105,189.84288074251668,0.004883318268177661,0.24408370381180713,images/teleop_webcam_000097.jpg
18.1441707611084,98,0.0001385026792069255,-1.1178380109777564e-05,0.4141465218611967,0.5230733354961762,0.19820566708370146,2.7642333797699257,0.1227184630308513,-0.8775648424029105,4.1939034740793435,0.0001385026792069255,-1.1178380109777564e-05,0.28910299814985774,0.521664878001451,0.19984545317429264,2.7642333797699257,0.1227184630308513,-0.8775648424029105,189.84288074251668,0.005392161609530584,0.24408370381180713,images/teleop_webcam_000098.jpg
18.301659107208252,99,-6.7492413143577235e-06,-7.502007213228135e-05,0.41382975004467226,0.5225866617505154,0.19960989091409084,2.7642333797699257,0.1227184630308513,-0.8775648424029105,4.583534594202296,-6.7492413143577235e-06,-7.502007213228135e-05,0.27395232913955214,0.5198849831270858,0.2011743508849218,2.7642333797699257,0.1227184630308513,-0.8775648424029105,189.84288074251668,0.005893115906831523,0.24408370381180713,images/teleop_webcam_000099.jpg
18.444517135620117,100,-7.725245980882284e-05,-0.00010595240286545571,0.41322493500315544,0.521314971596248,0.20038324427772625,2.765767360557811,0.1227184630308513,-0.8775648424029105,4.980835618264677,-7.725245980882284e-05,-0.00010595240286545571,0.2627519910698109,0.5189089632157375,0.2024510943743593,2.765767360557811,0.1227184630308513,-0.8775648424029105,189.84288074251668,0.006403931509197442,0.24408370381180713,images/teleop_webcam_000100.jpg
18.598554849624634,101,-3.0240103669643137e-05,-8.535547554999745e-05,0.41262017897278186,0.5194150133213661,0.20192634019978734,2.7642333797699257,0.1227184630308513,-0.8775648424029105,5.577554144752192,-3.0240103669643137e-05,-8.535547554999745e-05,0.25365772874980186,0.5182694270569818,0.20377758761305,2.7642333797699257,0.1227184630308513,-0.8775648424029105,189.84288074251668,0.007171141043252818,0.24408370381180713,images/teleop_webcam_000101.jpg
18.736920595169067,102,-3.519637084004046e-06,-7.366279930658137e-05,0.41189298465552565,0.5186233306481294,0.2028170185674842,2.7642333797699257,0.1227184630308513,-0.8775648424029105,5.980991091966114,-3.519637084004046e-06,-7.366279930658137e-05,0.24688456420889796,0.5175160641077485,0.2046027560733024,2.7642333797699257,0.1227184630308513,-0.8775648424029105,189.84288074251668,0.007689845689670718,0.24408370381180713,images/teleop_webcam_000102.jpg
18.88499617576599,103,-1.5265829886302457e-05,-7.882891704522055e-05,0.4097978530284978,0.5176816752345569,0.20431941443517027,2.7642333797699257,0.1227184630308513,-0.8775648424029105,6.389029981543696,-1.5265829886302457e-05,-7.882891704522055e-05,0.24384132990260077,0.5156542007393805,0.20505272271526537,2.7642333797699257,0.1227184630308513,-0.8775648424029105,189.84288074251668,0.008214467119127608,0.24408370381180713,images/teleop_webcam_000103.jpg
19.044267892837524,104,2.864293055876259e-05,-5.9866623979408506e-05,0.4068675563625978,0.5168950195805494,0.20508557235364136,2.7642333797699257,0.1227184630308513,-0.8775648424029105,6.7832630440303054,2.864293055876259e-05,-5.9866623979408506e-05,0.24158486238804966,0.5131619908731379,0.20567504364591224,2.7642333797699257,0.1227184630308513,-0.8775648424029105,189.84288074251668,0.008721338199467537,0.24408370381180713,images/teleop_webcam_000104.jpg
19.206645727157593,105,3.524837460673266e-05,-5.750759278851103e-05,0.40168367331507404,0.5148249804884153,0.2054399284040436,2.7642333797699257,0.1227184630308513,-0.8775648424029105,7.358505839487421,3.524837460673266e-05,-5.750759278851103e-05,0.2427195700732669,0.5100989386100743,0.20582343781093226,2.7642333797699257,0.1227184630308513,-0.8775648424029105,189.84288074251668,0.00946093607934097,0.24408370381180713,images/teleop_webcam_000105.jpg
19.39645481109619,106,5.457535190979933e-05,-4.929411717441434e-05,0.3945558845300803,0.511856634916641,0.20590920225503412,2.7642333797699257,0.1227184630308513,-0.8769256837412914,7.715923363064776,5.457535190979933e-05,-4.929411717441434e-05,0.24111085368677,0.5065840016968463,0.205465034569295,2.7642333797699257,0.1227184630308513,-0.8769256837412914,189.84288074251668,0.009920472895368997,0.24408370381180713,images/teleop_webcam_000106.jpg
19.572353839874268,107,9.339834902060036e-05,-3.327314259376178e-05,0.3888248599982956,0.5092816718133841,0.20568054409033906,2.7642333797699257,0.1227184630308513,-0.8775648424029105,8.220603042279151,9.339834902060036e-05,-3.327314259376178e-05,0.24604732914472652,0.5028284741517495,0.2047746580886218,2.7642333797699257,0.1227184630308513,-0.8775648424029105,189.84288074251668,0.010569346768644622,0.24408370381180713,images/teleop_webcam_000107.jpg
19.846107959747314,108,-0.0001013119558932107,-0.00011190495152049208,0.37821234518695973,0.5044583197183855,0.20473362350671226,2.765767360557811,0.1227184630308513,-0.8775648424029105,8.792777876160496,-0.0001013119558932107,-0.00011190495152049208,0.309664142867955,0.49750913316127876,0.20595540759339576,2.765767360557811,0.1227184630308513,-0.8775648424029105,199.41580607285454,0.011305000126492068,0.25639175066509867,images/teleop_webcam_000108.jpg
20.021595001220703,109,-0.0001589007101572323,-0.000134419556319263,0.3714517532403273,0.5020799932078738,0.20507480535115,2.7642333797699257,0.1227184630308513,-0.8769256837412914,9.125651707131679,-0.0001589007101572323,-0.000134419556319263,0.3635180017409298,0.4928313183879643,0.2076388658380418,2.7642333797699257,0.1227184630308513,-0.8769256837412914,200.0,0.011732980766312158,0.2571428571428571,images/teleop_webcam_000109.jpg
20.186570644378662,110,-0.00011861706018498153,-0.00011891698599317952,0.36421597406333656,0.4982749767835298,0.2066083247898287,2.7642333797699257,0.1227184630308513,-0.8775648424029105,9.285185709071786,-0.00011861706018498153,-0.00011891698599317952,0.403040290425892,0.4899700615278139,0.20901183724199368,3.117163040768169,0.16990173912566697,-0.9009761313205027,200.0,0.011938095911663725,0.2571428571428571,images/teleop_webcam_000110.jpg
20.34109902381897,111,-0.00015568461332084345,-0.00013302308792392456,0.35966567398962385,0.49446165484915483,0.2082927000070347,2.7642333797699257,0.12425244381873693,-0.8775648424029105,9.386428441072239,-0.00015568461332084345,-0.00013302308792392456,0.43741654793252993,0.48844607896549613,0.20956375067290678,3.0165774392702813,0.18661328866309268,-0.904802325868848,200.0,0.012068265138521448,0.2571428571428571,images/teleop_webcam_000111.jpg
20.487160682678223,112,-7.812641579926435e-05,-0.00010396026279256565,0.3553530216246382,0.49135998398478203,0.20951376705142274,2.7688353221335826,0.14726215563702155,-0.8986570782363381,9.421709999193608,-7.812641579926435e-05,-0.00010396026279256565,0.4644364935160889,0.48714831202781894,0.20953918706393498,2.9201330442165037,0.19662188804853697,-0.9051603581718799,200.0,0.012113627141820352,0.2571428571428571,images/teleop_webcam_000112.jpg
20.631023645401,113,-8.250115149837116e-05,-0.00010558350389430933,0.3541434505527477,0.4891016866652847,0.20963228257459318,2.773437264497239,0.15800002115222103,-0.9005745542211951,9.421709999193608,-8.250115149837116e-05,-0.00010558350389430933,0.48645019860905,0.4865127325263612,0.20895308677808055,2.8199216510476655,0.20282083801523473,-0.9016125695511547,200.0,0.012113627141820352,0.2571428571428571,images/teleop_webcam_000113.jpg
20.771799087524414,114,-6.498549214413452e-05,-9.913116498558305e-05,0.3530778765053771,0.48730001025909975,0.20945511763201963,2.7719032837093533,0.16260196351587797,-0.9005745542211951,9.421709999193608,-6.498549214413452e-05,-9.913116498558305e-05,0.5032001588995016,0.486452390098784,0.20823279265670958,2.721497187279183,0.20670087489110336,-0.8945391346135021,200.0,0.012113627141820352,0.2571428571428571,images/teleop_webcam_000114.jpg
20.91203212738037,115,-5.51306022530014e-05,-9.550142843609e-05,0.353214684005621,0.48658999843449857,0.20858599943456066,2.773437264497239,0.16566992509164924,-0.8961004435898622,9.421709999193608,-5.51306022530014e-05,-9.550142843609e-05,0.5164248882191436,0.48658536663561114,0.20762927203549444,2.6297688436500755,0.20710205873038734,-0.8868499177185964,200.0,0.012113627141820352,0.2571428571428571,images/teleop_webcam_000115.jpg
21.05775284767151,116,-6.060593870688136e-05,-9.751175914873844e-05,0.35349545902481316,0.4864283324103038,0.207779128379087,2.758097456618383,0.16566992509164924,-0.892265491620148,9.421709999193608,-6.060593870688136e-05,-9.751175914873844e-05,0.5269470505534067,0.4868938756091485,0.20721886872421877,2.5379673927869595,0.2041270277910891,-0.8784324871258964,200.0,0.012113627141820352,0.2571428571428571,images/teleop_webcam_000116.jpg
21.196290016174316,117,-6.389487408690886e-05,-9.871705611443765e-05,0.354309045655667,0.4864983464027559,0.20724041194094683,2.709010071406042,0.16566992509164924,-0.8839564290191009,9.421709999193608,-6.389487408690886e-05,-9.871705611443765e-05,0.49455653997739224,0.4948600820952007,0.21867429458770168,2.4488122473158205,0.20730209507216985,-0.8785360459780976,200.0,0.012113627141820352,0.2571428571428571,images/teleop_webcam_000117.jpg
21.344835996627808,118,-4.8567123123708505e-05,-9.306558448848173e-05,0.35636817065017207,0.4870633032232239,0.2072224625759187,2.629243070435989,0.1718058482431918,-0.8769256837412914,9.421709999193608,-4.8567123123708505e-05,-9.306558448848173e-05,0.46828900602508305,0.5004314370706082,0.22843314383824742,2.361948317236303,0.20701747780560315,-0.8761139075286206,200.0,0.012113627141820352,0.2571428571428571,images/teleop_webcam_000118.jpg
21.49761962890625,119,-4.7496626081538346e-05,-9.261144081653197e-05,0.35955769343281746,0.48903331191823335,0.20897266957506458,2.494252761102053,0.17487380981896308,-0.8756473664180535,9.421709999193608,-4.7496626081538346e-05,-9.261144081653197e-05,0.44734101340176263,0.5051042864017025,0.23598795076609758,2.2975536062377873,0.20596899750047942,-0.8792958704969388,200.0,0.012113627141820352,0.2571428571428571,images/teleop_webcam_000119.jpg
21.647117376327515,120,-0.00016201124658186267,-0.00013608467312137273,0.3634095769567588,0.49144165483341756,0.21100899363919964,2.408349836980457,0.17487380981896308,-0.8762865250796725,9.421709999193608,-0.00016201124658186267,-0.00013608467312137273,0.4286585735498946,0.5087706989036381,0.24176508588441842,2.266301228551543,0.20272284673023147,-0.8838094962648487,200.0,0.012113627141820352,0.2571428571428571,images/teleop_webcam_000120.jpg
21.78449320793152,121,-0.00026326637729158844,-0.00017506688449511754,0.3685286460987034,0.49564336864475594,0.21486614472611165,2.334718759161946,0.17487380981896308,-0.8775648424029105,9.421709999193608,-0.00026326637729158844,-0.00017506688449511754,0.41529951304269946,0.5108940456814842,0.24690501387220393,2.224151784942049,0.1976161800617402,-0.8871391644258204,200.0,0.012113627141820352,0.2571428571428571,images/teleop_webcam_000121.jpg
21.924898147583008,122,-0.0002893442621828418,-0.00018525425310057624,0.3726325170391615,0.49949665173923485,0.21863114178440987,2.2840973931617197,0.17487380981896308,-0.8801214770493867,9.421709999193608,-0.0002893442621828418,-0.00018525425310057624,0.40171924388984853,0.5126420261024358,0.25094480050998913,2.190556228936628,0.19299170218234452,-0.8901990998074858,200.0,0.012113627141820352,0.2571428571428571,images/teleop_webcam_000122.jpg
22.06259059906006,123,-0.00020579031589698475,-0.00015227063221079362,0.37763637675926154,0.5047549867082554,0.22481671276124635,2.2396119503130363,0.17487380981896308,-0.8839564290191009,9.421709999193608,-0.00020579031589698475,-0.00015227063221079362,0.3929390310548521,0.5133027488255367,0.2543109669264442,2.156343179136582,0.18685588324351454,-0.8931008439542443,200.0,0.012113627141820352,0.2571428571428571,images/teleop_webcam_000123.jpg
22.193531036376953,124,-0.00015596050621367397,-0.00013235840495487167,0.38198506526234166,0.5079366891758629,0.23018705288359095,2.202796411403781,0.17487380981896308,-0.8865130636655768,9.421709999193608,-0.00015596050621367397,-0.00013235840495487167,0.3856273629330798,0.5136821436584447,0.2571371155318779,2.132122660238968,0.1815912640723088,-0.8958383790979418,200.0,0.012113627141820352,0.2571428571428571,images/teleop_webcam_000124.jpg
22.32953929901123,125,-0.00012786777562776366,-0.00012091656622264385,0.38575774599696133,0.5104716911190159,0.23597279259658654,2.1675148532824107,0.17333982903107745,-0.8897088569736719,9.421709999193608,-0.00012786777562776366,-0.00012091656622264385,0.37875173386574296,0.5142718079720378,0.2591567493115527,2.1213916835586972,0.1780788684900409,-0.900673084590705,200.0,0.012113627141820352,0.2571428571428571,images/teleop_webcam_000125.jpg
22.501357316970825,126,-9.328233336688713e-05,-0.0001068563279804308,0.39025041185418025,0.5134466665277445,0.24480285974547547,2.136835237524698,0.1718058482431918,-0.8954612849282431,9.421709999193608,-9.328233336688713e-05,-0.0001068563279804308,0.41789690602637186,0.507212155475971,0.2496755860716516,2.1839488165101333,0.16665153949114375,-0.9008361925357973,200.0,0.012113627141820352,0.2571428571428571,images/teleop_webcam_000126.jpg
22.639740705490112,127,-0.00011483470266347891,-0.0001157950270936868,0.3932743296987159,0.5141882975747433,0.24898684103437926,2.136835237524698,0.16260196351587797,-0.8961004435898622,9.421709999193608,-0.00011483470266347891,-0.0001157950270936868,0.44953802529975845,0.49904637455571205,0.24126756238784833,2.346135473578357,0.17099437286660024,-0.9040081780080202,200.0,0.012113627141820352,0.2571428571428571,images/teleop_webcam_000127.jpg
22.887989044189453,128,-0.00012340597151074342,-0.00011948709269218177,0.3997829440640221,0.5140900157060463,0.25524305820010196,2.2442138926766932,0.1595340019401067,-0.8999353955595762,9.421709999193608,-0.00012340597151074342,-0.00011948709269218177,0.4198500781864734,0.49645974899317424,0.23555501482659708,2.2442138926766932,0.1595340019401067,-0.8999353955595762,200.0,0.012113627141820352,0.2571428571428571,images/teleop_webcam_000128.jpg
23.028878450393677,129,-0.0002178192387032353,-0.0001598190666719651,0.40568678272857356,0.5118116831649836,0.25782763593787683,2.3086410857678903,0.1595340019401067,-0.8999353955595762,9.421709999193608,-0.0002178192387032353,-0.0001598190666719651,0.3994023849029384,0.49245898392601767,0.2310177011502655,2.3086410857678903,0.1595340019401067,-0.8999353955595762,200.0,0.012113627141820352,0.2571428571428571,images/teleop_webcam_000129.jpg
23.169413805007935,130,-0.00019423955470003126,-0.0001496679408231824,0.40904185143818556,0.5091949739455193,0.25884640631212646,2.3178449704952038,0.1595340019401067,-0.8999353955595762,9.421709999193608,-0.00019423955470003126,-0.0001496679408231824,0.3814492749065652,0.486826834456855,0.2270147733136146,2.3178449704952038,0.1595340019401067,-0.8999353955595762,200.0,0.012113627141820352,0.2571428571428571,images/teleop_webcam_000130.jpg
23.321028232574463,131,-0.00018034682811936958,-0.00014359143037598332,0.41109381641398623,0.5048449994945973,0.2592055506042199,2.3178449704952038,0.1595340019401067,-0.8999353955595762,9.421709999193608,-0.00018034682811936958,-0.00014359143037598332,0.3714269644439598,0.481467952780798,0.22418059301456203,2.3178449704952038,0.1595340019401067,-0.8999353955595762,200.0,0.012113627141820352,0.2571428571428571,images/teleop_webcam_000131.jpg
23.460756063461304,132,-0.00022630973176167302,-0.0001636807111374261,0.4119793769691236,0.5007466674265362,0.2587039626631277,2.3178449704952038,0.1595340019401067,-0.8999353955595762,9.421709999193608,-0.00022630973176167302,-0.0001636807111374261,0.3639501283728061,0.47625179651329663,0.22225032930065167,2.3178449704952038,0.1595340019401067,-0.8999353955595762,200.0,0.012113627141820352,0.2571428571428571,images/teleop_webcam_000132.jpg
23.62390947341919,133,-0.0002615261475121533,-0.00017924102479710546,0.41322495467353704,0.49417999606162133,0.25638988133302165,2.3178449704952038,0.1595340019401067,-0.8999353955595762,9.421709999193608,-0.0002615261475121533,-0.00017924102479710546,0.3608086081634112,0.47093231318107265,0.22157237502141636,2.3178449704952038,0.1595340019401067,-0.8999353955595762,200.0,0.012113627141820352,0.2571428571428571,images/teleop_webcam_000133.jpg
23.766395092010498,134,-0.00017502169341183232,-0.00014120724444556532,0.41403852163400984,0.48716165794727206,0.25307623492594095,2.3178449704952038,0.1595340019401067,-0.8999353955595762,9.421709999193608,-0.00017502169341183232,-0.00014120724444556532,0.3614821639550149,0.4650666173178142,0.22191231749180765,2.3178449704952038,0.1595340019401067,-0.8999353955595762,200.0,0.012113627141820352,0.2571428571428571,images/teleop_webcam_000134.jpg
23.89865255355835,135,-0.00018037152992294268,-0.00014353508466960138,0.4127641858324927,0.48222996994511824,0.2496739929649459,2.3178449704952038,0.1595340019401067,-0.8999353955595762,9.421709999193608,-0.00018037152992294268,-0.00014353508466960138,0.3645614808502574,0.4599008585717948,0.22490592684718402,2.3178449704952038,0.1595340019401067,-0.8999353955595762,200.0,0.012113627141820352,0.2571428571428571,images/teleop_webcam_000135.jpg
24.945677280426025,136,6.0206977683567066e-05,-4.151780078064625e-05,0.3871473010555137,0.45970331393658026,0.2247987633962182,2.316310989707318,0.1595340019401067,-0.9005745542211951,9.421709999193608,6.0206977683567066e-05,-4.151780078064625e-05,0.3637383501214045,0.4566051302829853,0.23400040385420867,2.316310989707318,0.1595340019401067,-0.9005745542211951,200.0,0.012113627141820352,0.2571428571428571,images/teleop_webcam_000136.jpg
25.080381393432617,137,-7.062700226830379e-05,-9.450508950499883e-05,0.38266183455776137,0.4596966476719503,0.2248191199647195,2.316310989707318,0.1595340019401067,-0.9005745542211951,9.421709999193608,-7.062700226830379e-05,-9.450508950499883e-05,0.360555492330817,0.45553932377680234,0.2410137507514044,2.316310989707318,0.1595340019401067,-0.9005745542211951,200.0,0.012113627141820352,0.2571428571428571,images/teleop_webcam_000137.jpg
25.232406616210938,138,-5.5469726355811266e-05,-8.842849519481201e-05,0.3774203763048869,0.45830500118201967,0.22645918432234072,2.3178449704952038,0.1595340019401067,-0.9005745542211951,9.421709999193608,-5.5469726355811266e-05,-8.842849519481201e-05,0.35798585177538617,0.45801831259512876,0.24549824002481557,2.3178449704952038,0.1595340019401067,-0.9005745542211951,200.0,0.012113627141820352,0.2571428571428571,images/teleop_webcam_000138.jpg
25.378272533416748,139,-0.0001564654131139178,-0.0001280602566883851,0.3723301242711893,0.45647502047191424,0.22918984267957923,2.316310989707318,0.1595340019401067,-0.9005745542211951,9.421709999193608,-0.0001564654131139178,-0.0001280602566883851,0.35837094381668294,0.4644615415707515,0.24944349629133977,2.316310989707318,0.1595340019401067,-0.9005745542211951,200.0,0.012113627141820352,0.2571428571428571,images/teleop_webcam_000139.jpg
